ticket,symbol,hypothesis,setup,direction,entry_time,entry_price,sl,tp,units,risk_cash,risk_price,entry_pos,max_pos,status,london_range,exit_time,exit_price,pnl_cash,r_multiple,exit_reason,final_balance
1073,US100,H17,H17_bearish_sweep,SELL,2026-09-14 09:46:00-04:00,28967.03,28975.953576331995,28885.690000000002,3.2356209436215333,27.2555,8.423576331995719,946,1066,CLOSED_SL,170.97999999999956,2026-09-14 09:47:00-04:00,28976.453576331995,-30.49,-1.12,SL,10871.71
1074,US100,H17,H17_bearish_sweep,SELL,2026-09-14 10:36:00-04:00,28954.27,28979.972976762427,28885.690000000002,1.0784151592029811,27.179272197640948,25.20297676242626,996,1116,CLOSED_SL,170.97999999999956,2026-09-14 10:45:00-04:00,28980.472976762427,-28.26,-1.04,SL,10843.45
1075,US100,H17,H17_bearish_sweep,SELL,2026-09-14 10:52:00-04:00,28965.73,28986.568965241942,28885.690000000002,1.3328420426888645,27.10862797924884,20.338965241942788,1012,1132,CLOSED_SL,170.97999999999956,2026-09-14 10:58:00-04:00,28987.068965241942,-28.44,-1.05,SL,10815.01
1076,US100,H17,H17_bullish_sweep,BUY,2026-09-15 10:53:00-04:00,28921.94,28909.54418465709,29043.965,2.2728601213797477,27.037524304193994,11.895815342908463,2392,2512,CLOSED_TIME,253.9300000000003,2026-09-15 12:53:00-04:00,28990.57,155.99,5.77,TIME,10971.0
1077,US100,H17,H17_bearish_sweep,SELL,2026-09-17 13:02:00-04:00,29441.88,29454.662528512752,29303.105000000003,2.2330491845425873,27.42749027951973,12.282528512751014,5279,5399,CLOSED_SL,291.4500000000007,2026-09-17 13:06:00-04:00,29455.162528512752,-29.66,-1.08,SL,10941.34
1078,US100,H17,H17_bearish_sweep,SELL,2026-09-17 13:08:00-04:00,29443.68,29457.482425903283,29303.105000000003,2.0562669643669613,27.35333893085957,13.30242590328271,5285,5405,CLOSED_TIME,291.4500000000007,2026-09-17 15:08:00-04:00,29443.07,1.25,0.05,TIME,10942.59
1079,US100,H17,H17_bullish_sweep,BUY,2026-09-18 09:59:00-04:00,29486.79,29473.50382737084,29577.125,2.139535851064034,27.356474737980236,12.78617262915941,6475,6595,CLOSED_SL,198.83000000000175,2026-09-18 10:01:00-04:00,29473.00382737084,-29.5,-1.08,SL,10913.09
1080,US100,H17,H17_bullish_sweep,BUY,2026-09-18 13:52:00-04:00,29479.09,29474.713988982876,29577.125,7.0388692372060415,27.282734711507626,3.876011017124256,6708,6828,CLOSED_SL,198.83000000000175,2026-09-18 13:53:00-04:00,29474.213988982876,-34.32,-1.26,SL,10878.77
1081,US100,H17,H17_bullish_sweep,BUY,2026-09-18 13:56:00-04:00,29478.4,29475.284443105476,29577.125,10.398141504229914,27.19693070163584,2.6155568945250707,6712,6832,CLOSED_SL,198.83000000000175,2026-09-18 13:58:00-04:00,29474.784443105476,-37.6,-1.38,SL,10841.18
1082,US100,H17,H17_bullish_sweep,BUY,2026-09-18 14:20:00-04:00,29481.61,29475.413594314716,29577.125,4.757902529859215,27.102943021121174,5.696405685284844,6736,6856,CLOSED_TP,198.83000000000175,2026-09-18 15:49:00-04:00,29576.625,452.07,16.68,TP,11293.25
1083,US100,H17,H17_bullish_sweep,BUY,2026-09-23 09:39:00-04:00,30621.31,30607.319695766226,30693.005,2.092845558117261,28.2331232933076,13.490304233775532,10590,10710,CLOSED_SL,151.70999999999913,2026-09-23 09:46:00-04:00,30606.819695766226,-30.33,-1.07,SL,11262.92
1084,US100,H17,H17_bearish_sweep,SELL,2026-09-24 10:30:00-04:00,30317.24,30343.157517275562,30206.63,1.1077914520885577,28.157308371179038,25.417517275560385,12020,12140,CLOSED_SL,261.9599999999991,2026-09-24 10:34:00-04:00,30343.657517275562,-29.27,-1.04,SL,11233.66
1085,US100,H17,H17_bearish_sweep,SELL,2026-09-24 10:36:00-04:00,30324.44,30347.11763455163,30206.63,1.2663273694153605,28.08414562162087,22.177634551630035,12026,12146,CLOSED_SL,261.9599999999991,2026-09-24 12:15:00-04:00,30347.61763455163,-29.35,-1.05,SL,11204.31
1086,US100,H17,H17_bullish_sweep,BUY,2026-09-25 09:34:00-04:00,30569.89,30534.718379954422,30637.21,0.8078875288296802,28.010769439143278,34.67162004557758,13343,13463,CLOSED_TP,158.61999999999898,2026-09-25 09:54:00-04:00,30636.71,53.98,1.93,TP,11258.29
1087,US100,H17,H17_bullish_sweep,BUY,2026-09-25 10:02:00-04:00,30563.39,30544.69850589887,30637.21,1.5471916102308754,28.145727050834275,18.191494101130957,13371,13491,CLOSED_SL,158.61999999999898,2026-09-25 10:03:00-04:00,30544.19850589887,-29.69,-1.05,SL,11228.6
1088,US100,H17,H17_bullish_sweep,BUY,2026-09-25 10:03:00-04:00,30564.28,30538.42518404895,30637.21,1.107146461184191,28.071494754181614,25.354815951050114,13372,13492,CLOSED_SL,158.61999999999898,2026-09-25 10:04:00-04:00,30537.92518404895,-29.18,-1.04,SL,11199.42
1089,US100,H17,H17_bullish_sweep,BUY,2026-09-25 11:01:00-04:00,30559.17,30540.033257086296,30637.21,1.5023305456747669,27.9985481511432,18.63674291370262,13430,13550,CLOSED_SL,158.61999999999898,2026-09-25 11:11:00-04:00,30539.533257086296,-29.5,-1.05,SL,11169.92
1090,US100,H17,H17_bullish_sweep,BUY,2026-09-25 11:16:00-04:00,30559.52,30543.42974424267,30637.21,1.7911698428211307,27.92479595440116,15.59025575733176,13445,13565,CLOSED_SL,158.61999999999898,2026-09-25 11:19:00-04:00,30542.92974424267,-29.72,-1.06,SL,11140.2
