symbol,strategy,direction,entry_time,exit_time,entry,sl,tp,exit,risk_price,pnl_points,r_multiple,pnl_cash,exit_reason,range_high,range_low,range_width,commission,slippage
US100,reversion,SELL,2026-08-28 15:31:00,2026-08-28 15:52:00,19781.75,19814.02165183172,19580.25,19814.02165183172,32.2716518317211,-32.2716518317211,-1.0,-25.0,SL,19700.5,19460.0,240.5,0.0,0.0
US100,reversion,SELL,2026-08-28 15:54:00,2026-08-28 15:59:00,19660.5,19705.915955835742,19580.25,19705.915955835742,45.41595583574235,-45.41595583574235,-1.0,-24.9375,SL,19700.5,19460.0,240.5,0.0,0.0
US100,reversion,SELL,2026-08-28 16:16:00,2026-08-28 16:17:00,19693.0,19709.841422054396,19580.25,19709.841422054396,16.84142205439639,-16.84142205439639,-1.0,-24.87515625,SL,19700.5,19460.0,240.5,0.0,0.0
US100,reversion,SELL,2026-08-28 16:18:00,2026-08-28 16:26:00,19726.0,19827.132399628535,19580.25,19580.25,101.1323996285355,145.75,1.4411800821037297,35.75995577740131,TP,19700.5,19460.0,240.5,0.0,0.0
US100,reversion,SELL,2026-08-31 16:01:00,2026-08-31 16:25:00,19875.25,19904.073348637183,19571.5,19571.5,28.82334863718279,303.75,10.53833140012592,262.42940925402274,TP,19659.5,19483.5,176.0,0.0,0.0
US100,reversion,SELL,2026-09-01 15:02:00,2026-09-01 15:04:00,19715.5,19772.589960555342,19594.5,19772.589960555342,57.08996055534226,-57.08996055534226,-1.0,-25.558441771953557,SL,19695.25,19493.75,201.5,0.0,0.0
US100,reversion,SELL,2026-09-01 15:09:00,2026-09-01 15:14:00,19832.5,19860.66011796184,19594.5,19860.66011796184,28.160117961841024,-28.160117961841024,-1.0,-25.494545667523678,SL,19695.25,19493.75,201.5,0.0,0.0
US100,reversion,SELL,2026-09-01 15:40:00,2026-09-01 16:06:00,20031.5,20106.90521294432,19594.5,20106.90521294432,75.40521294431892,-75.40521294431892,-1.0,-25.430809303354867,SL,19695.25,19493.75,201.5,0.0,0.0
US100,reversion,SELL,2026-09-01 16:13:00,2026-09-01 18:13:00,20158.75,20229.232321031726,19594.5,19922.0,70.48232103172631,236.75,3.3589983492943056,85.20849135500931,TIME,19695.25,19493.75,201.5,0.0,0.0
US100,reversion,SELL,2026-09-02 15:40:00,2026-09-02 16:07:00,19905.0,19924.247581835538,19629.5,19629.5,19.247581835537858,275.5,14.31348635657334,366.1426095913732,TP,19775.5,19483.5,292.0,0.0,0.0
US100,reversion,SELL,2026-09-03 15:15:00,2026-09-03 15:28:00,20082.5,20094.830783038582,19912.5,20094.830783038582,12.330783038582013,-12.330783038582013,-1.0,-26.49561003246244,SL,20043.0,19782.0,261.0,0.0,0.0
US100,reversion,SELL,2026-09-03 15:34:00,2026-09-03 15:49:00,20110.75,20225.716707663298,19912.5,19912.5,114.96670766329771,198.25,1.7244122583784303,45.575131346359775,TP,20043.0,19782.0,261.0,0.0,0.0
US100,reversion,BUY,2026-09-03 16:25:00,2026-09-03 16:26:00,19825.25,19762.77318843866,19912.5,19762.77318843866,62.47681156134058,-62.47681156134058,-1.0,-26.54330883574719,SL,20043.0,19782.0,261.0,0.0,0.0
US100,reversion,BUY,2026-09-03 16:32:00,2026-09-03 16:35:00,19611.5,19599.942608975292,19912.5,19599.942608975292,11.557391024707613,-11.557391024707613,-1.0,-26.47695056365782,SL,20043.0,19782.0,261.0,0.0,0.0
US100,reversion,BUY,2026-09-03 16:37:00,2026-09-03 16:45:00,19599.25,19580.753723642425,19912.5,19580.753723642425,18.49627635757497,-18.49627635757497,-1.0,-26.410758187248675,SL,20043.0,19782.0,261.0,0.0,0.0
US100,reversion,BUY,2026-09-03 16:47:00,2026-09-03 16:51:00,19575.25,19567.25908923755,19912.5,19567.25908923755,7.990910762451676,-7.990910762451676,-1.0,-26.344731291780555,SL,20043.0,19782.0,261.0,0.0,0.0
