symbol,strategy,range_minutes,min_rr,wick_ratio,breakout_buffer,is_trades,is_win_rate,is_profit_factor,is_expectancy_R,is_net_pnl,oos_trades,oos_win_rate,oos_profit_factor,oos_expectancy_R,oos_net_pnl,oos_max_dd
US100,hybrid,45,1.5,0.35,0.05,16,31.2,2.16,0.82,324.26,4,0.0,0.0,-1.0,-99.63,0.75
US100,hybrid,45,1.25,0.35,0.1,43,41.9,1.19,0.1,110.28,15,33.3,1.88,0.61,224.21,1.0
US100,hybrid,45,1.25,0.35,0.05,42,40.5,1.14,0.08,84.83,15,33.3,1.88,0.61,224.21,1.0
US100,hybrid,30,1.25,0.25,0.05,13,30.8,0.74,-0.17,-54.22,10,30.0,0.7,-0.18,-45.47,0.76
US100,hybrid,30,1.25,0.25,0.1,13,30.8,0.74,-0.17,-54.22,10,30.0,0.7,-0.18,-45.47,0.76
US100,hybrid,30,1.25,0.35,0.05,8,25.0,0.47,-0.4,-79.9,10,30.0,0.7,-0.18,-45.47,0.76
US100,hybrid,30,1.25,0.35,0.1,8,25.0,0.47,-0.4,-79.9,10,30.0,0.7,-0.18,-45.47,0.76
US100,hybrid,30,1.0,0.25,0.05,7,28.6,0.44,-0.4,-69.61,10,40.0,1.05,0.03,6.62,0.76
US100,hybrid,30,1.0,0.25,0.1,7,28.6,0.44,-0.4,-69.61,10,40.0,1.05,0.03,6.62,0.76
US100,hybrid,30,1.0,0.35,0.05,7,28.6,0.44,-0.4,-69.61,10,40.0,1.05,0.03,6.62,0.76
US100,hybrid,30,1.0,0.35,0.1,7,28.6,0.44,-0.4,-69.61,10,40.0,1.05,0.03,6.62,0.76
US100,hybrid,15,1.0,0.25,0.1,8,25.0,0.37,-0.47,-94.7,9,33.3,0.57,-0.28,-64.09,1.0
US100,hybrid,15,1.0,0.35,0.1,8,25.0,0.37,-0.47,-94.7,9,33.3,0.57,-0.28,-64.09,1.0
US100,hybrid,15,1.0,0.25,0.05,9,22.2,0.31,-0.53,-119.47,9,33.3,0.57,-0.28,-64.09,1.0
US100,hybrid,15,1.0,0.35,0.05,9,22.2,0.31,-0.53,-119.47,9,33.3,0.57,-0.28,-64.09,1.0
US100,hybrid,15,1.25,0.25,0.05,4,0.0,0.0,-1.0,-99.63,9,33.3,0.46,-0.36,-81.25,1.0
US100,hybrid,15,1.25,0.25,0.1,4,0.0,0.0,-1.0,-99.63,9,33.3,0.46,-0.36,-81.25,1.0
US100,hybrid,15,1.25,0.35,0.05,4,0.0,0.0,-1.0,-99.63,9,33.3,0.46,-0.36,-81.25,1.0
US100,hybrid,15,1.25,0.35,0.1,4,0.0,0.0,-1.0,-99.63,9,33.3,0.46,-0.36,-81.25,1.0
US100,hybrid,15,1.5,0.25,0.05,4,0.0,0.0,-1.0,-99.63,4,0.0,0.0,-1.0,-99.63,0.75
US100,hybrid,15,1.5,0.25,0.1,4,0.0,0.0,-1.0,-99.63,4,0.0,0.0,-1.0,-99.63,0.75
US100,hybrid,15,1.5,0.35,0.05,4,0.0,0.0,-1.0,-99.63,4,0.0,0.0,-1.0,-99.63,0.75
US100,hybrid,15,1.5,0.35,0.1,4,0.0,0.0,-1.0,-99.63,4,0.0,0.0,-1.0,-99.63,0.75
US100,hybrid,30,1.5,0.25,0.05,4,0.0,0.0,-1.0,-99.63,4,0.0,0.0,-1.0,-99.63,0.75
US100,hybrid,30,1.5,0.25,0.1,4,0.0,0.0,-1.0,-99.63,4,0.0,0.0,-1.0,-99.63,0.75
US100,hybrid,30,1.5,0.35,0.05,4,0.0,0.0,-1.0,-99.63,7,14.3,0.26,-0.63,-110.62,1.0
US100,hybrid,30,1.5,0.35,0.1,4,0.0,0.0,-1.0,-99.63,7,14.3,0.26,-0.63,-110.62,1.0
US100,hybrid,45,1.0,0.25,0.05,4,0.0,0.0,-1.0,-99.63,19,42.1,1.07,0.05,20.67,1.0
US100,hybrid,45,1.0,0.25,0.1,4,0.0,0.0,-1.0,-99.63,19,42.1,1.07,0.05,20.67,1.0
US100,hybrid,45,1.0,0.35,0.05,4,0.0,0.0,-1.0,-99.63,11,45.5,0.9,-0.05,-14.99,1.0
US100,hybrid,45,1.0,0.35,0.1,4,0.0,0.0,-1.0,-99.63,11,45.5,0.9,-0.05,-14.99,1.0
US100,hybrid,45,1.25,0.25,0.05,4,0.0,0.0,-1.0,-99.63,4,0.0,0.0,-1.0,-99.63,0.75
US100,hybrid,45,1.25,0.25,0.1,4,0.0,0.0,-1.0,-99.63,4,0.0,0.0,-1.0,-99.63,0.75
US100,hybrid,45,1.5,0.25,0.05,4,0.0,0.0,-1.0,-99.63,4,0.0,0.0,-1.0,-99.63,0.75
US100,hybrid,45,1.5,0.25,0.1,4,0.0,0.0,-1.0,-99.63,4,0.0,0.0,-1.0,-99.63,0.75
US100,hybrid,45,1.5,0.35,0.1,4,0.0,0.0,-1.0,-99.63,4,0.0,0.0,-1.0,-99.63,0.75
