symbol,strategy,opening_range_min,session_window_min,trading_window_min,trades,win_rate_pct,profit_factor,expectancy_R,net_pnl,max_drawdown_pct
US30,composite_regime,5,30,25,7,28.57,0.56,-0.32,-55.3,1.0
US30,composite_regime,5,60,55,7,28.57,0.56,-0.32,-55.3,1.0
US30,composite_regime,5,90,85,8,25.0,0.47,-0.4,-80.16,1.17
US30,composite_regime,5,120,115,8,25.0,0.47,-0.4,-80.16,1.17
US30,composite_regime,5,150,145,12,25.0,0.49,-0.38,-113.57,1.51
US30,composite_regime,10,30,20,19,47.37,1.5,0.27,126.99,1.0
US30,composite_regime,10,60,50,11,27.27,0.54,-0.34,-92.4,1.0
US30,composite_regime,10,90,80,24,33.33,0.87,-0.08,-51.66,1.67
US30,composite_regime,10,120,110,17,35.29,0.97,-0.02,-8.68,1.0
US30,composite_regime,10,150,140,19,31.58,0.82,-0.12,-58.57,1.0
US30,composite_regime,15,30,15,15,40.0,1.23,0.14,53.27,1.0
US30,composite_regime,15,60,45,9,33.33,0.78,-0.14,-32.68,1.0
US30,composite_regime,15,90,75,29,37.93,1.14,0.09,64.44,1.41
US30,composite_regime,15,120,105,15,40.0,1.27,0.17,62.36,1.0
US30,composite_regime,15,150,135,17,35.29,1.04,0.03,12.11,1.0
US30,composite_regime,20,30,10,15,40.0,1.72,0.44,165.37,1.0
US30,composite_regime,20,60,40,9,33.33,0.78,-0.15,-33.54,1.0
US30,composite_regime,20,90,70,29,34.48,1.04,0.03,20.51,1.66
US30,composite_regime,20,120,100,15,40.0,1.28,0.17,62.57,1.0
US30,composite_regime,20,150,130,17,35.29,1.04,0.03,12.32,1.0
US30,composite_regime,30,60,30,9,33.33,0.83,-0.11,-25.97,1.0
US30,composite_regime,30,90,60,14,35.71,1.13,0.09,29.44,1.0
US30,composite_regime,30,120,90,15,33.33,1.02,0.01,4.36,1.0
US30,composite_regime,30,150,120,17,35.29,1.1,0.07,28.72,1.0
US30,composite_regime,45,60,15,16,37.5,1.47,0.3,118.18,1.0
US30,composite_regime,45,90,45,20,40.0,1.39,0.24,116.89,1.1
US30,composite_regime,45,120,75,24,37.5,1.39,0.25,148.94,1.35
US30,composite_regime,45,150,105,19,36.84,1.47,0.3,143.08,1.0
US30,composite_regime,60,90,30,9,33.33,1.48,0.32,72.22,1.0
US30,composite_regime,60,120,60,10,30.0,1.27,0.19,47.04,1.0
US30,composite_regime,60,150,90,16,31.25,1.29,0.21,81.35,1.0
