symbol,strategy,setup,direction,entry_time,exit_time,entry,sl,tp,exit,risk_price,pnl_points,r_multiple,pnl_cash,commission,slippage,exit_reason,regime,health_score,range_high,range_low,range_width
US30,sweep_reclaim,sweep_reclaim,BUY,2026-06-17 10:49:00-04:00,2026-06-17 10:51:00-04:00,51968.8,51962.36524106979,51998.3,51962.36524106979,6.434758930212411,-6.434758930212411,-1.0,-25.0,0.0,0.0,SL,HEALTHY_RANGE,75.0,52028.3,51968.3,60.0
US30,sweep_reclaim,sweep_reclaim,BUY,2026-06-17 10:53:00-04:00,2026-06-17 10:56:00-04:00,51968.3,51963.391779471945,51998.3,51963.391779471945,4.908220528057427,-4.908220528057427,-1.0,-24.9375,0.0,0.0,SL,HEALTHY_RANGE,65.0,52028.3,51968.3,60.0
US30,sweep_reclaim,sweep_reclaim,BUY,2026-06-17 10:59:00-04:00,2026-06-17 11:07:00-04:00,51974.3,51963.39542966409,51998.3,51998.3,10.904570335915196,24.0,2.2009120268548146,54.748030560517705,0.0,0.0,TP,UNSTABLE_RANGE,55.0,52028.3,51968.3,60.0
US30,sweep_reclaim,sweep_reclaim,BUY,2026-06-17 11:26:00-04:00,2026-06-17 11:27:00-04:00,51973.3,51965.93056527535,51998.3,51965.93056527535,7.3694347246564575,-7.3694347246564575,-1.0,-25.012026326401298,0.0,0.0,SL,HEALTHY_RANGE,65.0,52028.3,51968.3,60.0
US30,sweep_reclaim,sweep_reclaim,BUY,2026-06-17 11:30:00-04:00,2026-06-17 11:50:00-04:00,51968.8,51953.89240485291,51998.3,51998.3,14.90759514709498,29.5,1.9788570664094414,49.37148697861514,0.0,0.0,TP,UNSTABLE_RANGE,55.0,52028.3,51968.3,60.0
US30,sweep_reclaim,sweep_reclaim,BUY,2026-06-18 11:23:00-04:00,2026-06-18 11:48:00-04:00,51728.8,51707.30404067601,51769.3,51769.3,21.495959323990974,40.5,1.8840750203131993,47.23927163729664,0.0,0.0,TP,UNSTABLE_RANGE,50.0,51811.8,51726.8,85.0
US30,sweep_reclaim,sweep_reclaim,BUY,2026-06-19 10:08:00-04:00,2026-06-19 10:09:00-04:00,51422.8,51411.013482211754,51450.55,51450.55,11.786517788248602,27.75,2.3543849420621346,59.30936559627379,0.0,0.0,TP,UNSTABLE_RANGE,55.0,51482.3,51418.8,63.5
US30,sweep_reclaim,sweep_reclaim,BUY,2026-06-19 10:26:00-04:00,2026-06-19 10:27:00-04:00,51421.8,51412.27029760782,51450.55,51412.27029760782,9.529702392181207,-9.529702392181207,-1.0000000000000002,-25.339296571115757,0.0,0.0,SL,HEALTHY_RANGE,75.0,51482.3,51418.8,63.5
US30,sweep_reclaim,sweep_reclaim,BUY,2026-06-19 10:55:00-04:00,2026-06-19 11:17:00-04:00,51425.3,51415.453856945685,51450.55,51415.453856945685,9.846143054317508,-9.846143054317508,-1.0,-25.275948329687964,0.0,0.0,SL,HEALTHY_RANGE,65.0,51482.3,51418.8,63.5
US30,sweep_reclaim,sweep_reclaim,BUY,2026-06-19 11:19:00-04:00,2026-06-19 11:29:00-04:00,51420.3,51409.50128058376,51450.55,51409.50128058376,10.79871941624151,-10.79871941624151,-1.0,-25.212758458863743,0.0,0.0,SL,HEALTHY_RANGE,75.0,51482.3,51418.8,63.5
US30,sweep_reclaim,sweep_reclaim,SELL,2026-06-22 10:34:00-04:00,2026-06-22 10:37:00-04:00,51599.8,51608.009702334544,51583.3,51608.009702334544,8.209702334541362,-8.209702334541362,-1.0,-25.149726562716584,0.0,0.0,SL,HEALTHY_RANGE,75.0,51603.8,51562.8,41.0
