symbol,strategy,range_minutes,min_rr,wick_ratio,zone_atr,is_trades,is_win_rate,is_profit_factor,is_expectancy_R,is_net_pnl,oos_trades,oos_win_rate,oos_profit_factor,oos_expectancy_R,oos_net_pnl,oos_max_dd
XAUUSD,boundary_reversion,5,1.5,0.25,0.15,6,16.67,0.31,-0.57,-86.08,2,50.0,1.66,0.33,16.47,0.25
XAUUSD,boundary_reversion,5,1.5,0.25,0.2,6,16.67,0.31,-0.57,-86.08,2,50.0,1.66,0.33,16.47,0.25
XAUUSD,boundary_reversion,5,1.5,0.35,0.15,6,16.67,0.31,-0.57,-86.08,2,50.0,1.66,0.33,16.47,0.25
XAUUSD,boundary_reversion,5,1.5,0.35,0.2,6,16.67,0.31,-0.57,-86.08,2,50.0,1.66,0.33,16.47,0.25
XAUUSD,boundary_reversion,20,1.25,0.25,0.15,10,30.0,0.73,-0.19,-47.19,17,29.41,1.03,0.03,9.38,1.16
XAUUSD,boundary_reversion,20,1.25,0.25,0.2,10,30.0,0.73,-0.19,-47.19,17,29.41,1.03,0.03,9.38,1.16
XAUUSD,boundary_reversion,15,1.5,0.35,0.15,12,50.0,2.39,0.71,213.21,6,33.33,0.93,-0.04,-6.89,1.0
XAUUSD,boundary_reversion,15,1.5,0.35,0.2,12,50.0,2.39,0.71,213.21,6,33.33,0.93,-0.04,-6.89,1.0
XAUUSD,boundary_reversion,15,1.25,0.35,0.15,15,46.67,1.97,0.52,196.28,6,33.33,0.93,-0.04,-6.89,1.0
XAUUSD,boundary_reversion,15,1.25,0.35,0.2,15,46.67,1.97,0.52,196.28,6,33.33,0.93,-0.04,-6.89,1.0
XAUUSD,boundary_reversion,15,1.0,0.35,0.15,4,0.0,0.0,-1.0,-99.63,6,33.33,0.93,-0.04,-6.89,1.0
XAUUSD,boundary_reversion,15,1.0,0.35,0.2,4,0.0,0.0,-1.0,-99.63,6,33.33,0.93,-0.04,-6.89,1.0
XAUUSD,boundary_reversion,15,1.0,0.25,0.15,8,25.0,0.36,-0.48,-95.08,12,33.33,0.89,-0.07,-22.99,1.05
XAUUSD,boundary_reversion,15,1.0,0.25,0.2,8,25.0,0.36,-0.48,-95.08,12,33.33,0.89,-0.07,-22.99,1.05
XAUUSD,boundary_reversion,20,1.0,0.25,0.15,12,41.67,1.04,0.03,7.35,8,25.0,0.88,-0.09,-17.95,1.0
XAUUSD,boundary_reversion,20,1.0,0.25,0.2,12,41.67,1.04,0.03,7.35,8,25.0,0.88,-0.09,-17.95,1.0
XAUUSD,boundary_reversion,20,1.5,0.25,0.15,8,25.0,0.63,-0.27,-54.89,8,25.0,0.88,-0.09,-17.95,1.0
XAUUSD,boundary_reversion,20,1.5,0.25,0.2,8,25.0,0.63,-0.27,-54.89,8,25.0,0.88,-0.09,-17.95,1.0
XAUUSD,boundary_reversion,5,1.25,0.25,0.15,11,45.45,1.17,0.1,25.87,3,33.33,0.83,-0.11,-8.57,0.5
XAUUSD,boundary_reversion,5,1.25,0.25,0.2,11,45.45,1.17,0.1,25.87,3,33.33,0.83,-0.11,-8.57,0.5
XAUUSD,boundary_reversion,5,1.25,0.35,0.15,9,33.33,0.72,-0.18,-41.66,3,33.33,0.83,-0.11,-8.57,0.5
XAUUSD,boundary_reversion,5,1.25,0.35,0.2,9,33.33,0.72,-0.18,-41.66,3,33.33,0.83,-0.11,-8.57,0.5
XAUUSD,boundary_reversion,15,1.5,0.25,0.15,13,46.15,2.05,0.58,187.67,11,27.27,0.74,-0.18,-51.32,1.33
XAUUSD,boundary_reversion,15,1.5,0.25,0.2,13,46.15,2.05,0.58,187.67,11,27.27,0.74,-0.18,-51.32,1.33
XAUUSD,boundary_reversion,15,1.25,0.25,0.15,17,41.18,1.58,0.34,145.36,11,27.27,0.74,-0.18,-51.32,1.33
XAUUSD,boundary_reversion,15,1.25,0.25,0.2,17,41.18,1.58,0.34,145.36,11,27.27,0.74,-0.18,-51.32,1.33
XAUUSD,boundary_reversion,5,1.0,0.25,0.15,5,20.0,0.36,-0.51,-63.65,4,25.0,0.55,-0.33,-33.54,0.75
XAUUSD,boundary_reversion,5,1.0,0.25,0.2,5,20.0,0.36,-0.51,-63.65,4,25.0,0.55,-0.33,-33.54,0.75
XAUUSD,boundary_reversion,5,1.0,0.35,0.15,5,20.0,0.36,-0.51,-63.65,4,25.0,0.55,-0.33,-33.54,0.75
XAUUSD,boundary_reversion,5,1.0,0.35,0.2,5,20.0,0.36,-0.51,-63.65,4,25.0,0.55,-0.33,-33.54,0.75
XAUUSD,boundary_reversion,10,1.0,0.25,0.15,5,20.0,0.36,-0.51,-63.65,12,25.0,0.54,-0.35,-104.16,1.3
XAUUSD,boundary_reversion,10,1.0,0.25,0.2,5,20.0,0.36,-0.51,-63.65,12,25.0,0.54,-0.35,-104.16,1.3
XAUUSD,boundary_reversion,10,1.25,0.25,0.15,11,36.36,0.87,-0.08,-22.86,6,16.67,0.41,-0.49,-73.67,1.0
XAUUSD,boundary_reversion,10,1.25,0.25,0.2,11,36.36,0.87,-0.08,-22.86,6,16.67,0.41,-0.49,-73.67,1.0
XAUUSD,boundary_reversion,10,1.25,0.35,0.15,11,36.36,0.87,-0.08,-22.86,6,16.67,0.41,-0.49,-73.67,1.0
XAUUSD,boundary_reversion,10,1.25,0.35,0.2,11,36.36,0.87,-0.08,-22.86,6,16.67,0.41,-0.49,-73.67,1.0
XAUUSD,boundary_reversion,20,1.0,0.35,0.15,10,30.0,0.73,-0.19,-47.19,7,14.29,0.43,-0.49,-85.67,1.0
XAUUSD,boundary_reversion,20,1.0,0.35,0.2,10,30.0,0.73,-0.19,-47.19,7,14.29,0.43,-0.49,-85.67,1.0
XAUUSD,boundary_reversion,20,1.25,0.35,0.15,10,30.0,0.73,-0.19,-47.19,7,14.29,0.43,-0.49,-85.67,1.0
XAUUSD,boundary_reversion,20,1.25,0.35,0.2,10,30.0,0.73,-0.19,-47.19,7,14.29,0.43,-0.49,-85.67,1.0
XAUUSD,boundary_reversion,10,1.5,0.25,0.15,7,28.57,0.66,-0.24,-42.47,6,16.67,0.41,-0.49,-73.67,1.0
XAUUSD,boundary_reversion,10,1.5,0.25,0.2,7,28.57,0.66,-0.24,-42.47,6,16.67,0.41,-0.49,-73.67,1.0
XAUUSD,boundary_reversion,10,1.5,0.35,0.15,7,28.57,0.66,-0.24,-42.47,6,16.67,0.41,-0.49,-73.67,1.0
XAUUSD,boundary_reversion,10,1.5,0.35,0.2,7,28.57,0.66,-0.24,-42.47,6,16.67,0.41,-0.49,-73.67,1.0
XAUUSD,boundary_reversion,20,1.5,0.35,0.15,8,25.0,0.63,-0.27,-54.89,7,14.29,0.43,-0.49,-85.67,1.0
XAUUSD,boundary_reversion,20,1.5,0.35,0.2,8,25.0,0.63,-0.27,-54.89,7,14.29,0.43,-0.49,-85.67,1.0
XAUUSD,boundary_reversion,10,1.0,0.35,0.15,5,20.0,0.36,-0.51,-63.65,6,16.67,0.41,-0.49,-73.67,1.0
XAUUSD,boundary_reversion,10,1.0,0.35,0.2,5,20.0,0.36,-0.51,-63.65,6,16.67,0.41,-0.49,-73.67,1.0
XAUUSD,boundary_reversion,30,1.0,0.25,0.15,28,42.86,1.68,0.39,275.13,4,0.0,0.0,-1.0,-99.63,0.75
XAUUSD,boundary_reversion,30,1.0,0.25,0.2,28,42.86,1.68,0.39,275.13,4,0.0,0.0,-1.0,-99.63,0.75
XAUUSD,boundary_reversion,30,1.0,0.35,0.15,19,42.11,1.61,0.36,169.92,4,0.0,0.0,-1.0,-99.63,0.75
XAUUSD,boundary_reversion,30,1.0,0.35,0.2,19,42.11,1.61,0.36,169.92,4,0.0,0.0,-1.0,-99.63,0.75
XAUUSD,boundary_reversion,30,1.25,0.35,0.15,17,35.29,1.41,0.27,113.19,4,0.0,0.0,-1.0,-99.63,0.75
XAUUSD,boundary_reversion,30,1.25,0.35,0.2,17,35.29,1.41,0.27,113.19,4,0.0,0.0,-1.0,-99.63,0.75
XAUUSD,boundary_reversion,30,1.25,0.25,0.15,7,28.57,0.68,-0.22,-39.47,4,0.0,0.0,-1.0,-99.63,0.75
XAUUSD,boundary_reversion,30,1.25,0.25,0.2,7,28.57,0.68,-0.22,-39.47,4,0.0,0.0,-1.0,-99.63,0.75
XAUUSD,boundary_reversion,30,1.5,0.25,0.15,7,28.57,0.68,-0.22,-39.47,4,0.0,0.0,-1.0,-99.63,0.75
XAUUSD,boundary_reversion,30,1.5,0.25,0.2,7,28.57,0.68,-0.22,-39.47,4,0.0,0.0,-1.0,-99.63,0.75
XAUUSD,boundary_reversion,30,1.5,0.35,0.15,6,16.67,0.36,-0.54,-80.44,4,0.0,0.0,-1.0,-99.63,0.75
XAUUSD,boundary_reversion,30,1.5,0.35,0.2,6,16.67,0.36,-0.54,-80.44,4,0.0,0.0,-1.0,-99.63,0.75
