window,train_dates,test_dates,is_trades,is_pf,is_expectancy_R,oos_trades,oos_pf,oos_expectancy_R
1,2026-06-17 to 2026-06-30,2026-07-01 to 2026-07-06,4,0.0,-1.0,9,1.35,0.2
2,2026-06-23 to 2026-07-06,2026-07-07 to 2026-07-10,17,0.93,-0.05,16,1.6,0.34
3,2026-06-29 to 2026-07-10,2026-07-13 to 2026-07-16,9,0.96,-0.03,17,2.13,0.61
4,2026-07-03 to 2026-07-16,2026-07-17 to 2026-07-22,4,0.0,-1.0,11,1.24,0.14
5,2026-07-09 to 2026-07-22,2026-07-23 to 2026-07-28,7,2.06,0.62,4,0.0,-1.0
6,2026-07-15 to 2026-07-28,2026-07-29 to 2026-08-03,20,0.87,-0.08,20,1.83,0.47
7,2026-07-21 to 2026-08-03,2026-08-04 to 2026-08-07,10,0.46,-0.43,15,1.55,0.3
8,2026-07-27 to 2026-08-07,2026-08-10 to 2026-08-13,11,0.78,-0.16,4,0.0,-1.0
9,2026-07-31 to 2026-08-13,2026-08-14 to 2026-08-19,5,0.34,-0.53,8,0.64,-0.23
10,2026-08-06 to 2026-08-19,2026-08-20 to 2026-08-25,5,1.28,0.23,19,1.18,0.11
11,2026-08-12 to 2026-08-25,2026-08-26 to 2026-08-31,4,0.0,-1.0,15,0.92,-0.05
12,2026-08-18 to 2026-08-31,2026-09-01 to 2026-09-04,33,1.38,0.23,19,0.94,-0.04
13,2026-08-24 to 2026-09-04,2026-09-07 to 2026-09-10,8,1.42,0.27,4,0.0,-1.0
14,2026-08-28 to 2026-09-10,2026-09-11 to 2026-09-16,6,0.37,-0.52,4,0.0,-1.0
15,2026-09-03 to 2026-09-16,2026-09-17 to 2026-09-22,7,0.55,-0.32,22,1.14,0.09
16,2026-09-09 to 2026-09-22,2026-09-23 to 2026-09-28,13,0.74,-0.2,8,0.21,-0.69
